name,path,keymap_count,no_cpp_count,error_count
10bleoledhub,keyboards/10bleoledhub/info.json,2,0,0
1upkeyboards/1up60hse,keyboards/1upkeyboards/1up60hse/info.json,7,3,1
1upkeyboards/1up60hte,keyboards/1upkeyboards/1up60hte/info.json,6,2,1
1upkeyboards/1up60rgb,keyboards/1upkeyboards/1up60rgb/info.json,18,10,3
1upkeyboards/super16,keyboards/1upkeyboards/super16/info.json,6,0,0
1upkeyboards/sweet16,keyboards/1upkeyboards/sweet16/info.json,6,1,0
1upkeyboards/sweet16/v1,keyboards/1upkeyboards/sweet16/info.json,6,1,0
1upkeyboards/sweet16/v2/promicro,keyboards/1upkeyboards/sweet16/info.json,6,1,0
1upkeyboards/sweet16/v2/proton_c,keyboards/1upkeyboards/sweet16/info.json,6,1,0
2key2crawl,,3,0,0
30wer,keyboards/30wer/info.json,1,0,0
40percentclub/25,keyboards/40percentclub/25/info.json,2,0,0
40percentclub/4pack,keyboards/40percentclub/4pack/info.json,1,0,0
40percentclub/4x4,,26,15,3
40percentclub/5x5,,2,1,0
40percentclub/6lit,keyboards/40percentclub/6lit/info.json,2,0,0
40percentclub/foobar,keyboards/40percentclub/foobar/info.json,3,1,0
40percentclub/gherkin,keyboards/40percentclub/gherkin/info.json,11,3,1
40percentclub/half_n_half,keyboards/40percentclub/half_n_half/info.json,2,0,0
40percentclub/i75,keyboards/40percentclub/i75/info.json,2,1,0
40percentclub/i75/promicro,keyboards/40percentclub/i75/info.json,2,1,0
40percentclub/i75/teensy2,keyboards/40percentclub/i75/info.json,2,1,0
40percentclub/luddite,keyboards/40percentclub/luddite/info.json,6,3,1
40percentclub/mf68,keyboards/40percentclub/mf68/info.json,8,1,0
40percentclub/nano,keyboards/40percentclub/nano/info.json,3,1,0
40percentclub/nein,keyboards/40percentclub/nein/info.json,2,0,0
40percentclub/nori,keyboards/40percentclub/nori/info.json,27,15,3
40percentclub/tomato,keyboards/40percentclub/tomato/info.json,2,1,0
40percentclub/ut47,keyboards/40percentclub/ut47/info.json,4,1,0
4by3,keyboards/4by3/info.json,6,0,0
4pplet/aekiso60/rev_a,,2,0,0
4pplet/steezy60/rev_a,,3,0,0
4pplet/waffling60/rev_a,,2,0,0
6ball,,1,0,0
7skb,keyboards/7skb/info.json,3,1,0
7skb/rev1,keyboards/7skb/info.json,3,1,0
8pack,keyboards/8pack/info.json,1,0,0
8pack/rev11,keyboards/8pack/info.json,1,0,0
8pack/rev12,keyboards/8pack/info.json,1,0,0
9key,keyboards/9key/info.json,3,0,0
abacus,keyboards/abacus/info.json,1,0,0
absinthe,keyboards/absinthe/info.json,2,0,0
abstract/ellipse/rev1,keyboards/abstract/ellipse/info.json,2,0,0
acheron/arctic,keyboards/acheron/arctic/info.json,1,0,0
acheron/austin,keyboards/acheron/austin/info.json,2,0,0
acheron/elongate,keyboards/acheron/elongate/info.json,2,0,0
acheron/keebspcb,keyboards/acheron/keebspcb/info.json,1,0,0
acheron/shark,keyboards/acheron/shark/info.json,26,15,3
acr60,keyboards/acr60/info.json,2,0,0
adelheid,keyboards/adelheid/info.json,3,0,0
adkb96,keyboards/adkb96/info.json,1,0,0
adkb96/rev1,keyboards/adkb96/info.json,1,0,0
aeboards/aegis,keyboards/aeboards/aegis/info.json,2,0,0
aeboards/constellation,,2,0,0
aeboards/ext65/rev1,keyboards/aeboards/ext65/info.json,2,0,2
aeboards/ext65/rev2,keyboards/aeboards/ext65/info.json,2,0,2
ai03/equinox/rev0,keyboards/ai03/equinox/info.json,3,0,0
ai03/equinox/rev1,keyboards/ai03/equinox/info.json,3,0,0
ai03/lunar,keyboards/ai03/lunar/info.json,3,0,0
ai03/orbit,keyboards/ai03/orbit/info.json,1,0,0
ai03/orbit_x,keyboards/ai03/orbit_x/info.json,2,0,0
ai03/polaris,keyboards/ai03/polaris/info.json,16,5,2
ai03/quasar,keyboards/ai03/quasar/info.json,2,0,0
ai03/soyuz,keyboards/ai03/soyuz/info.json,4,0,0
ai03/vega,keyboards/ai03/vega/info.json,2,0,0
ajisai74,keyboards/ajisai74/info.json,4,2,0
akb/eb46,keyboards/akb/eb46/info.json,1,0,0
akb/raine,keyboards/akb/raine/info.json,2,0,0
akegata_denki/device_one,keyboards/akegata_denki/device_one/info.json,9,4,1
al1,keyboards/al1/info.json,2,0,0
alf/dc60,keyboards/alf/dc60/info.json,1,0,0
alf/x11,keyboards/alf/x11/info.json,1,0,0
alf/x2,keyboards/alf/x2/info.json,2,0,0
allison,keyboards/allison/info.json,2,0,0
allison_numpad,keyboards/allison_numpad/info.json,2,0,0
alpha,keyboards/alpha/info.json,3,0,0
alps64,keyboards/alps64/info.json,8,4,1
alu84,keyboards/alu84/info.json,2,1,0
amj40,keyboards/amj40/info.json,4,1,0
amj60,keyboards/amj60/info.json,7,3,1
amj96,keyboards/amj96/info.json,1,0,0
amjkeyboard/amj66,keyboards/amjkeyboard/amj66/info.json,4,1,0
amjpad,keyboards/amjpad/info.json,4,0,0
anavi/macropad8,keyboards/anavi/macropad8/info.json,2,0,0
angel17,keyboards/angel17/info.json,2,0,0
angel17/alpha,keyboards/angel17/info.json,2,0,0
angel17/rev1,keyboards/angel17/info.json,2,0,0

angel64/alpha,keyboards/angel64/alpha/info.json,1,0,0
angel64/rev1,keyboards/angel64/rev1/info.json,2,1,0
aos/tkl,keyboards/aos/tkl/info.json,3,0,0
aplx6,,1,0,0
arabica37/rev1,keyboards/arabica37/info.json,1,0,0
arch_36,,2,0,0
ares,keyboards/ares/info.json,1,0,0
arisu,,4,0,0
ash1800,keyboards/ash1800/info.json,1,0,0
ash_xiix,keyboards/ash_xiix/info.json,1,0,0
ashpil/modelm_usbc,keyboards/ashpil/modelm_usbc/info.json,2,0,0
at101_bh,keyboards/at101_bh/info.json,1,0,0
at_at/660m,keyboards/at_at/660m/info.json,1,0,0
atomic,keyboards/atomic/info.json,3,2,0
atreus,keyboards/atreus/info.json,20,5,1
atreus/astar,keyboards/atreus/info.json,20,5,1
atreus/astar_mirrored,keyboards/atreus/info.json,20,5,1
atreus/feather,keyboards/atreus/info.json,20,5,1
atreus/promicro,keyboards/atreus/info.json,20,5,1
atreus/teensy2,keyboards/atreus/info.json,20,5,1
atreus62,keyboards/atreus62/info.json,11,6,0
atxkb/1894,keyboards/atxkb/1894/info.json,15,5,2
aves65,keyboards/aves65/info.json,1,0,0
baguette,keyboards/baguette/info.json,2,0,0
bakeneko60,keyboards/bakeneko60/info.json,14,5,2
bakeneko65,keyboards/bakeneko65/info.json,4,1,0
bakeneko80,keyboards/bakeneko80/info.json,4,1,1
bantam44,keyboards/bantam44/info.json,1,0,0
barleycorn,keyboards/barleycorn/info.json,3,0,0
basekeys/slice/rev1,keyboards/basekeys/slice/rev1/info.json,6,4,0
basekeys/slice/rev1_rgb,keyboards/basekeys/slice/rev1_rgb/info.json,4,4,0
basekeys/trifecta,keyboards/basekeys/trifecta/info.json,2,0,0
bat43,,1,0,0
bat43/rev1,keyboards/bat43/rev1/info.json,1,0,0
bat43/rev2,keyboards/bat43/rev2/info.json,1,0,0
bear_65,keyboards/bear_65/info.json,2,0,0

bear_face/v1,keyboards/bear_face/v1/info.json,1,0,0
bear_face/v2,keyboards/bear_face/v2/info.json,2,0,0
bemeier/bmek/rev1,keyboards/bemeier/bmek/info.json,2,0,0
bemeier/bmek/rev2,keyboards/bemeier/bmek/info.json,2,0,0
bemeier/bmek/rev3,keyboards/bemeier/bmek/info.json,2,0,0
bfake,keyboards/bfake/info.json,2,0,0
bigseries/1key,keyboards/bigseries/1key/info.json,7,0,0
bigseries/2key,keyboards/bigseries/2key/info.json,3,0,0
bigseries/3key,keyboards/bigseries/3key/info.json,3,0,0
bigseries/4key,keyboards/bigseries/4key/info.json,2,0,0
binepad/bn003,keyboards/binepad/bn003/info.json,2,0,0
bioi/g60ble,keyboards/bioi/g60ble/info.json,17,7,3
blackplum,keyboards/blackplum/info.json,3,1,0
blockey,keyboards/blockey/info.json,2,0,0
bm16a,keyboards/bm16a/info.json,4,0,0
bm16s,keyboards/bm16s/info.json,3,0,0
bm40hsrgb,keyboards/bm40hsrgb/info.json,2,0,0
bm43a,keyboards/bm43a/info.json,2,0,0
bm60poker,keyboards/bm60poker/info.json,6,3,1
bm60rgb,keyboards/bm60rgb/info.json,3,0,0
bm60rgb_iso,keyboards/bm60rgb_iso/info.json,1,0,0
boardsource/3x4,keyboards/boardsource/3x4/info.json,2,0,0
boardsource/4x12,keyboards/boardsource/4x12/info.json,27,15,3
boardsource/5x12,keyboards/boardsource/5x12/info.json,7,4,0
boardsource/microdox,keyboards/boardsource/microdox/info.json,2,1,0
boardwalk,keyboards/boardwalk/info.json,12,1,0

boston_meetup/2019,keyboards/boston_meetup/2019/info.json,1,0,0
botanicalkeyboards/fm2u,keyboards/botanicalkeyboards/fm2u/info.json,2,0,0
bpiphany/frosty_flake,keyboards/bpiphany/frosty_flake/info.json,7,1,1
bpiphany/kitten_paw,keyboards/bpiphany/kitten_paw/info.json,2,1,0
bpiphany/pegasushoof,keyboards/bpiphany/pegasushoof/info.json,7,1,1
bpiphany/pegasushoof/2013,keyboards/bpiphany/pegasushoof/info.json,7,1,1
bpiphany/pegasushoof/2015,keyboards/bpiphany/pegasushoof/info.json,7,1,1
bpiphany/sixshooter,keyboards/bpiphany/sixshooter/info.json,1,0,0
bpiphany/tiger_lily,keyboards/bpiphany/tiger_lily/info.json,2,0,0
bpiphany/unloved_bastard,keyboards/bpiphany/unloved_bastard/info.json,6,1,1
bthlabs/geekpad,keyboards/bthlabs/geekpad/info.json,1,0,0

business_card/alpha,keyboards/business_card/alpha/info.json,1,0,0
business_card/beta,keyboards/business_card/beta/info.json,1,0,0
butterstick,,2,1,0
c39,keyboards/c39/info.json,3,2,0
cannonkeys/an_c,keyboards/cannonkeys/an_c/info.json,11,3,1
cannonkeys/atlas,keyboards/cannonkeys/atlas/info.json,2,0,0
cannonkeys/chimera65,keyboards/cannonkeys/chimera65/info.json,2,0,0
cannonkeys/db60,keyboards/cannonkeys/db60/info.json,13,4,1
cannonkeys/devastatingtkl,keyboards/cannonkeys/devastatingtkl/info.json,2,0,0
cannonkeys/instant60,keyboards/cannonkeys/instant60/info.json,12,3,1
cannonkeys/instant65,keyboards/cannonkeys/instant65/info.json,2,0,0
cannonkeys/iron165,keyboards/cannonkeys/iron165/info.json,2,0,0
cannonkeys/obliterated75,keyboards/cannonkeys/obliterated75/info.json,2,0,0
cannonkeys/ortho48,keyboards/cannonkeys/ortho48/info.json,26,15,3
cannonkeys/ortho60,keyboards/cannonkeys/ortho60/info.json,7,4,0
cannonkeys/ortho75,keyboards/cannonkeys/ortho75/info.json,2,1,0
cannonkeys/practice60,keyboards/cannonkeys/practice60/info.json,6,3,1
cannonkeys/practice65,keyboards/cannonkeys/practice65/info.json,1,0,0
cannonkeys/rekt1800,keyboards/cannonkeys/rekt1800/info.json,2,0,0
cannonkeys/satisfaction75,,5,2,2
cannonkeys/satisfaction75/prototype,keyboards/cannonkeys/satisfaction75/prototype/info.json,5,2,2
cannonkeys/satisfaction75/rev1,keyboards/cannonkeys/satisfaction75/rev1/info.json,5,2,2
cannonkeys/savage65,keyboards/cannonkeys/savage65/info.json,4,1,0
cannonkeys/tmov2,keyboards/cannonkeys/tmov2/info.json,2,0,0
catch22,keyboards/catch22/info.json,1,0,0
centromere,keyboards/centromere/info.json,6,1,0
chavdai40/rev1,keyboards/chavdai40/info.json,7,0,0
chavdai40/rev2,keyboards/chavdai40/info.json,7,0,0
cheshire/curiosity,keyboards/cheshire/curiosity/info.json,3,0,0
chidori,keyboards/chidori/info.json,3,3,0
chili,keyboards/chili/info.json,2,0,0
chimera_ergo,keyboards/chimera_ergo/info.json,1,0,0
chimera_ls,keyboards/chimera_ls/info.json,25,15,3
chimera_ortho,keyboards/chimera_ortho/info.json,3,1,0
chimera_ortho_plus,keyboards/chimera_ortho_plus/info.json,1,0,0
choc_taro,keyboards/choc_taro/info.json,2,0,0
choco60,keyboards/choco60/info.json,1,0,0
christmas_tree,keyboards/christmas_tree/info.json,1,0,0
christmas_tree/V2017,keyboards/christmas_tree/info.json,1,0,0
ckeys/handwire_101,keyboards/ckeys/handwire_101/info.json,1,0,0
ckeys/nakey,keyboards/ckeys/nakey/info.json,2,0,0
ckeys/obelus,keyboards/ckeys/obelus/info.json,2,0,0
ckeys/thedora,keyboards/ckeys/thedora/info.json,1,0,0
ckeys/washington,keyboards/ckeys/washington/info.json,1,0,0
claw44,,2,0,1
claw44/rev1,keyboards/claw44/rev1/info.json,2,0,1
clawsome/bookerboard,keyboards/clawsome/bookerboard/info.json,1,0,0
clawsome/coupe,keyboards/clawsome/coupe/info.json,5,3,1
clawsome/fightpad,keyboards/clawsome/fightpad/info.json,1,0,0
clawsome/gamebuddy,keyboards/clawsome/gamebuddy/info.json,1,0,0
clawsome/numeros,keyboards/clawsome/numeros/info.json,2,0,0
clawsome/sedan,keyboards/clawsome/sedan/info.json,3,1,0
clawsome/sidekick,keyboards/clawsome/sidekick/info.json,1,0,0
clueboard/17,keyboards/clueboard/17/info.json,1,0,0
clueboard/2x1800/2018,keyboards/clueboard/2x1800/2018/info.json,6,0,1
clueboard/2x1800/2019,keyboards/clueboard/2x1800/2019/info.json,9,0,1
clueboard/60,keyboards/clueboard/60/info.json,20,12,4
clueboard/66/rev1,keyboards/clueboard/66/info.json,25,2,0
clueboard/66/rev2,keyboards/clueboard/66/info.json,25,2,0
clueboard/66/rev3,keyboards/clueboard/66/info.json,25,2,0
clueboard/66/rev4,keyboards/clueboard/66/info.json,25,2,0
clueboard/66_hotswap/gen1,keyboards/clueboard/66_hotswap/gen1/info.json,6,1,1
clueboard/66_hotswap/prototype,keyboards/clueboard/66_hotswap/prototype/info.json,6,1,1
clueboard/california,keyboards/clueboard/california/info.json,1,0,1
clueboard/card,keyboards/clueboard/card/info.json,2,0,0
cocoa40,keyboards/cocoa40/info.json,1,0,0
comet46,keyboards/comet46/info.json,3,1,0
contra,keyboards/contra/info.json,37,19,4
converter/adb_usb,keyboards/converter/adb_usb/info.json,2,0,0
converter/hp_46010a,keyboards/converter/hp_46010a/info.json,1,0,0
converter/ibm_5291,keyboards/converter/ibm_5291/info.json,1,0,0
converter/ibm_terminal,keyboards/converter/ibm_terminal/info.json,2,0,0
converter/m0110_usb,keyboards/converter/m0110_usb/info.json,1,0,0
converter/modelm101,keyboards/converter/modelm101/info.json,2,0,0
converter/numeric_keypad_IIe,keyboards/converter/numeric_keypad_IIe/info.json,2,0,0

converter/palm_usb/stowaway,keyboards/converter/palm_usb/stowaway/info.json,1,0,0
converter/siemens_tastatur,keyboards/converter/siemens_tastatur/info.json,1,0,0

converter/sun_usb/type3,keyboards/converter/sun_usb/type3/info.json,1,0,0
converter/sun_usb/type5,keyboards/converter/sun_usb/type5/info.json,2,1,0
converter/usb_usb,keyboards/converter/usb_usb/info.json,5,2,2
converter/usb_usb/ble,keyboards/converter/usb_usb/info.json,5,2,2
converter/usb_usb/hasu,keyboards/converter/usb_usb/info.json,5,2,2
converter/usb_usb/pro_micro,keyboards/converter/usb_usb/info.json,5,2,2
converter/xt_usb,keyboards/converter/xt_usb/info.json,1,0,0
copenhagen_click/click_pad_v1,keyboards/copenhagen_click/click_pad_v1/info.json,1,0,0
coseyfannitutti/discipad,keyboards/coseyfannitutti/discipad/info.json,2,0,0
coseyfannitutti/discipline,keyboards/coseyfannitutti/discipline/info.json,7,2,0
coseyfannitutti/mullet,keyboards/coseyfannitutti/mullet/info.json,2,0,0
coseyfannitutti/mulletpad,keyboards/coseyfannitutti/mulletpad/info.json,2,0,0
coseyfannitutti/mysterium,keyboards/coseyfannitutti/mysterium/info.json,7,1,1
coseyfannitutti/romeo,keyboards/coseyfannitutti/romeo/info.json,2,0,0
cospad,keyboards/cospad/info.json,4,1,0
craftwalk,keyboards/craftwalk/info.json,1,0,0
crawlpad,keyboards/crawlpad/info.json,2,0,0
crkbd,keyboards/crkbd/info.json,27,16,4
crkbd/rev1,keyboards/crkbd/info.json,27,16,4
crkbd/rev1/common,keyboards/crkbd/info.json,28,16,4
crkbd/rev1/legacy,keyboards/crkbd/info.json,27,16,4
cu24,keyboards/cu24/info.json,1,0,0
cu75,keyboards/cu75/info.json,2,0,0
cu80,keyboards/cu80/info.json,4,1,1
cutie_club/wraith,keyboards/cutie_club/wraith/info.json,3,0,0
daisy,keyboards/daisy/info.json,2,0,0
db/db63,keyboards/db/db63/info.json,1,0,0
dc01/arrow,keyboards/dc01/arrow/info.json,1,0,0
dc01/left,keyboards/dc01/left/info.json,1,0,0
dc01/numpad,keyboards/dc01/numpad/info.json,3,0,0
dc01/right,keyboards/dc01/right/info.json,4,0,0
deltasplit75,keyboards/deltasplit75/info.json,4,1,0
deltasplit75/v2,keyboards/deltasplit75/info.json,4,1,0
dichotomy,keyboards/dichotomy/info.json,3,0,0
diverge3,keyboards/diverge3/info.json,3,0,0
divergetm2,keyboards/divergetm2/info.json,2,1,0
dk60,keyboards/dk60/info.json,1,0,0
dm9records/ergoinu,keyboards/dm9records/ergoinu/info.json,2,0,0
dm9records/plaid,keyboards/dm9records/plaid/info.json,30,15,3
dm9records/tartan,keyboards/dm9records/tartan/info.json,10,6,2
dmqdesign/spin,keyboards/dmqdesign/spin/info.json,4,1,0
do60,keyboards/do60/info.json,14,7,3
donutcables/budget96,keyboards/donutcables/budget96/info.json,2,0,0
donutcables/scrabblepad,keyboards/donutcables/scrabblepad/info.json,2,1,0
doodboard/duckboard,keyboards/doodboard/duckboard/info.json,1,0,0
doppelganger,keyboards/doppelganger/info.json,1,0,0
doro67/multi,keyboards/doro67/multi/info.json,6,2,0
doro67/regular,keyboards/doro67/regular/info.json,3,1,0
doro67/rgb,keyboards/doro67/rgb/info.json,3,1,0
dozen0,keyboards/dozen0/info.json,2,0,0
dp60,keyboards/dp60/info.json,14,7,3
drakon,keyboards/drakon/info.json,3,0,3
duck/eagle_viper,keyboards/duck/eagle_viper/info.json,4,3,1
duck/eagle_viper/v2,keyboards/duck/eagle_viper/info.json,7,3,1
duck/jetfire,keyboards/duck/jetfire/info.json,1,0,0
duck/lightsaver,keyboards/duck/lightsaver/info.json,2,0,0
duck/octagon,,5,2,0
duck/octagon/v1,keyboards/duck/octagon/v1/info.json,5,2,0
duck/octagon/v2,keyboards/duck/octagon/v2/info.json,5,2,0
duck/orion,keyboards/duck/orion/info.json,3,1,1
duck/orion/v3,keyboards/duck/orion/info.json,4,1,1
duck/tcv3,keyboards/duck/tcv3/info.json,2,0,0
dumbo,keyboards/dumbo/info.json,2,1,0
dumbpad,keyboards/dumbpad/info.json,2,0,0
dz60,keyboards/dz60/info.json,94,18,5
dztech/bocc,keyboards/dztech/bocc/info.json,2,0,0
dztech/dz60rgb/v1,keyboards/dztech/dz60rgb/info.json,8,0,0
dztech/dz60rgb/v2,keyboards/dztech/dz60rgb/info.json,8,0,0
dztech/dz60rgb_ansi/v1,keyboards/dztech/dz60rgb_ansi/info.json,3,1,0
dztech/dz60rgb_ansi/v2,keyboards/dztech/dz60rgb_ansi/info.json,3,1,0
dztech/dz60rgb_wkl/v1,keyboards/dztech/dz60rgb_wkl/info.json,6,0,0
dztech/dz60rgb_wkl/v2,keyboards/dztech/dz60rgb_wkl/info.json,6,0,0
dztech/dz65rgb/v1,keyboards/dztech/dz65rgb/info.json,10,1,0
dztech/dz65rgb/v2,keyboards/dztech/dz65rgb/info.json,10,1,0
dztech/volcano660,keyboards/dztech/volcano660/info.json,2,0,0
e88,keyboards/e88/info.json,1,0,0
eco,keyboards/eco/info.json,5,0,0
eco/rev1,keyboards/eco/info.json,5,0,0
eco/rev2,keyboards/eco/info.json,5,0,0
efreet,keyboards/efreet/info.json,27,15,3
emptystring/NQG,keyboards/emptystring/NQG/info.json,1,0,0
eniigmakeyboards/ek65,keyboards/eniigmakeyboards/ek65/info.json,2,0,0
eniigmakeyboards/ek87,keyboards/eniigmakeyboards/ek87/info.json,2,0,0
ep/40,keyboards/ep/40/info.json,1,0,0
ep/96,keyboards/ep/96/info.json,1,0,0
ep/comsn/hs68,keyboards/ep/comsn/hs68/info.json,1,0,0
ep/comsn/mollydooker,keyboards/ep/comsn/mollydooker/info.json,1,0,0
ep/comsn/tf_longeboye,keyboards/ep/comsn/tf_longeboye/info.json,1,0,0
ergo42,keyboards/ergo42/info.json,13,5,0
ergo42/rev1,keyboards/ergo42/info.json,13,5,0

ergodash/mini,keyboards/ergodash/mini/info.json,2,0,0
ergodash/rev1,keyboards/ergodash/rev1/info.json,8,4,0
ergodone,keyboards/ergodone/info.json,119,114,1
ergodox_ez,keyboards/ergodox_ez/info.json,143,137,4
ergodox_infinity,keyboards/ergodox_infinity/info.json,123,119,1
ergodox_stm32,keyboards/ergodox_stm32/info.json,1,0,0
ergosaurus,keyboards/ergosaurus/info.json,1,0,0
ergoslab,keyboards/ergoslab/info.json,1,0,0
ergoslab/rev1,keyboards/ergoslab/info.json,1,0,0
ergotaco,keyboards/ergotaco/info.json,1,0,0
ergotravel,keyboards/ergotravel/info.json,8,3,0
ergotravel/rev1,keyboards/ergotravel/info.json,8,3,0
ericrlau/numdiscipline/rev1,keyboards/ericrlau/numdiscipline/info.json,1,0,0
espectro,keyboards/espectro/info.json,5,0,0
eve/meteor,keyboards/eve/meteor/info.json,1,0,0
evil80,keyboards/evil80/info.json,1,0,0
exclusive/e65,keyboards/exclusive/e65/info.json,6,1,0
exclusive/e6_rgb,keyboards/exclusive/e6_rgb/info.json,14,4,2
exclusive/e6v2/le,keyboards/exclusive/e6v2/le/info.json,7,3,1
exclusive/e6v2/le_bmc,keyboards/exclusive/e6v2/le_bmc/info.json,1,0,0
exclusive/e6v2/oe,keyboards/exclusive/e6v2/oe/info.json,6,3,1
exclusive/e6v2/oe_bmc,keyboards/exclusive/e6v2/oe_bmc/info.json,1,0,0
exclusive/e7v1,keyboards/exclusive/e7v1/info.json,4,0,0
exclusive/e7v1se,keyboards/exclusive/e7v1se/info.json,2,0,0

exclusive/e85/hotswap,keyboards/exclusive/e85/hotswap/info.json,4,0,0
exclusive/e85/soldered,keyboards/exclusive/e85/soldered/info.json,3,0,0
exent,keyboards/exent/info.json,3,1,0
facew,keyboards/facew/info.json,5,3,1
fallacy,keyboards/fallacy/info.json,3,0,0
fc660c,keyboards/fc660c/info.json,5,0,0
fc980c,keyboards/fc980c/info.json,3,1,0
felix,keyboards/felix/info.json,1,0,0
fjlabs/bolsa65,keyboards/fjlabs/bolsa65/info.json,3,1,0
flehrad/bigswitch,keyboards/flehrad/bigswitch/info.json,4,1,0
flehrad/downbubble,keyboards/flehrad/downbubble/info.json,1,0,0
flehrad/numbrero,keyboards/flehrad/numbrero/info.json,1,0,0
flehrad/snagpad,keyboards/flehrad/snagpad/info.json,3,0,0
flehrad/tradestation,keyboards/flehrad/tradestation/info.json,2,0,0
fleuron,keyboards/fleuron/info.json,2,0,0
fluorite,keyboards/fluorite/info.json,1,0,0
flx/lodestone,keyboards/flx/lodestone/info.json,5,1,0
flx/virgo,keyboards/flx/virgo/info.json,2,0,0
for_science,keyboards/for_science/info.json,1,0,0
fortitude60,keyboards/fortitude60/info.json,1,0,0
fortitude60/rev1,keyboards/fortitude60/info.json,1,0,0
four_banger,,1,0,0
foxlab/key65/hotswap,keyboards/foxlab/key65/hotswap/info.json,2,0,0
foxlab/key65/universal,keyboards/foxlab/key65/universal/info.json,3,0,0
foxlab/leaf60/hotswap,keyboards/foxlab/leaf60/hotswap/info.json,3,0,0
foxlab/leaf60/universal,keyboards/foxlab/leaf60/universal/info.json,10,6,2
fractal,keyboards/fractal/info.json,6,4,0
freyr,keyboards/freyr/info.json,4,1,1
ft/mars80,keyboards/ft/mars80/info.json,4,1,1
function96,keyboards/function96/info.json,1,0,0
funky40,keyboards/funky40/info.json,1,0,0
gami_studio/lex60,keyboards/gami_studio/lex60/info.json,1,0,0
geekboards/tester,,1,0,0
generic_panda/panda65_01,keyboards/generic_panda/panda65_01/info.json,2,0,0
georgi,keyboards/georgi/info.json,6,5,0
gergo,keyboards/gergo/info.json,7,1,0
getta25,keyboards/getta25/info.json,2,1,0
getta25/rev1,keyboards/getta25/info.json,2,1,0
gh60/revc,keyboards/gh60/revc/info.json,26,9,3
gh60/satan,keyboards/gh60/satan/info.json,40,11,2
gh80_3000,keyboards/gh80_3000/info.json,6,0,0
ghs/rar,keyboards/ghs/rar/info.json,3,0,0
gingham,keyboards/gingham/info.json,4,0,0
gon/nerd60,keyboards/gon/nerd60/info.json,2,0,0
gon/nerdtkl,keyboards/gon/nerdtkl/info.json,2,1,0
gowla,keyboards/gowla/info.json,1,0,0
gray_studio/cod67,keyboards/gray_studio/cod67/info.json,2,0,0
gray_studio/hb85,keyboards/gray_studio/hb85/info.json,3,0,0
gray_studio/space65,keyboards/gray_studio/space65/info.json,7,1,0
gray_studio/think65/hotswap,keyboards/gray_studio/think65/hotswap/info.json,3,1,0
gray_studio/think65/solder,keyboards/gray_studio/think65/solder/info.json,4,1,0
grid600/press,keyboards/grid600/press/info.json,1,0,0
gskt00,keyboards/gskt00/info.json,2,0,0

hadron/ver2,keyboards/hadron/info.json,2,1,0
hadron/ver3,keyboards/hadron/info.json,4,2,0
halberd,keyboards/halberd/info.json,2,0,0
handwired/108key_trackpoint,keyboards/handwired/108key_trackpoint/info.json,3,0,0
handwired/2x5keypad,,1,0,0
handwired/3dp660,keyboards/handwired/3dp660/info.json,2,0,0
handwired/412_64,,1,0,0
handwired/42,,1,0,0
handwired/6macro,keyboards/handwired/6macro/info.json,2,0,0
handwired/aek64,keyboards/handwired/aek64/info.json,2,1,0
handwired/aplx2,,1,0,0
handwired/aranck,keyboards/handwired/aranck/info.json,3,0,0
handwired/arrow_pad,keyboards/handwired/arrow_pad/info.json,3,3,0
handwired/atreus50,keyboards/handwired/atreus50/info.json,2,1,0
handwired/bdn9_ble,keyboards/handwired/bdn9_ble/info.json,1,0,0
handwired/bento,keyboards/handwired/bento/info.json,3,0,0
handwired/bento/rev1,keyboards/handwired/bento/info.json,3,0,0
handwired/bluepill,,2,0,0
handwired/bluepill/bluepill70,keyboards/handwired/bluepill/bluepill70/info.json,2,0,0
handwired/boss566y/redragon_vara,keyboards/handwired/boss566y/redragon_vara/info.json,2,0,0
handwired/brain,,2,1,0
handwired/cans12er,,1,0,0
handwired/chiron,keyboards/handwired/chiron/info.json,1,0,0
handwired/ck4x4,,1,0,0
handwired/cmd60,keyboards/handwired/cmd60/info.json,1,0,0
handwired/co60/rev1,keyboards/handwired/co60/info.json,14,7,3
handwired/co60/rev6,keyboards/handwired/co60/info.json,25,14,6
handwired/co60/rev7,keyboards/handwired/co60/info.json,14,7,3
handwired/colorlice,keyboards/handwired/colorlice/info.json,1,0,0
handwired/curiosity,keyboards/handwired/curiosity/info.json,1,0,0
handwired/d48,,2,2,0
handwired/dactyl,keyboards/handwired/dactyl/info.json,3,3,0
handwired/dactyl_left,keyboards/handwired/dactyl_left/info.json,1,0,0

handwired/dactyl_manuform/4x5,keyboards/handwired/dactyl_manuform/4x5/info.json,3,2,0
handwired/dactyl_manuform/4x6,keyboards/handwired/dactyl_manuform/4x6/info.json,1,0,0
handwired/dactyl_manuform/5x6,keyboards/handwired/dactyl_manuform/5x6/info.json,6,3,0
handwired/dactyl_manuform/5x6_5,keyboards/handwired/dactyl_manuform/5x6_5/info.json,1,0,1
handwired/dactyl_manuform/5x7,keyboards/handwired/dactyl_manuform/5x7/info.json,2,0,0
handwired/dactyl_manuform/6x6,keyboards/handwired/dactyl_manuform/6x6/info.json,1,0,0
handwired/dactyl_manuform/dmote/62key,,1,1,0
handwired/dactyl_promicro,keyboards/handwired/dactyl_promicro/info.json,2,0,0
handwired/daishi,,1,0,0
handwired/datahand,,1,0,0
handwired/ddg_56,keyboards/handwired/ddg_56/info.json,1,0,0
handwired/eagleii,keyboards/handwired/eagleii/info.json,1,0,0
handwired/fc200rt_qmk,keyboards/handwired/fc200rt_qmk/info.json,1,0,0
handwired/ferris,keyboards/handwired/ferris/info.json,1,0,1
handwired/fivethirteen,keyboards/handwired/fivethirteen/info.json,1,0,0
handwired/floorboard,keyboards/handwired/floorboard/info.json,25,15,3
handwired/frenchdev,keyboards/handwired/frenchdev/info.json,1,1,0
handwired/fruity60,keyboards/handwired/fruity60/info.json,5,0,0
handwired/gamenum,keyboards/handwired/gamenum/info.json,1,0,0
handwired/hacked_motospeed,keyboards/handwired/hacked_motospeed/info.json,2,0,0
handwired/heisenberg,keyboards/handwired/heisenberg/info.json,3,0,0
handwired/hexon38,,1,0,0
handwired/hnah108,keyboards/handwired/hnah108/info.json,1,0,0
handwired/hnah40,keyboards/handwired/hnah40/info.json,1,0,0
handwired/hnah40rgb,keyboards/handwired/hnah40rgb/info.json,2,0,0
handwired/ibm122m,keyboards/handwired/ibm122m/info.json,2,0,0
handwired/jn68m,keyboards/handwired/jn68m/info.json,1,0,0
handwired/jopr,keyboards/handwired/jopr/info.json,2,0,0
handwired/jot50,,6,4,0
handwired/jotanck,,25,15,3
handwired/jotpad16,,2,0,0
handwired/jtallbean/split_65,keyboards/handwired/jtallbean/split_65/info.json,1,0,0
handwired/juliet,keyboards/handwired/juliet/info.json,1,0,0
handwired/k8split,,3,0,0
handwired/k_numpad17,keyboards/handwired/k_numpad17/info.json,3,0,0
handwired/kbod,keyboards/handwired/kbod/info.json,1,0,0
handwired/ks63,keyboards/handwired/ks63/info.json,1,0,0
handwired/lovelive9,keyboards/handwired/lovelive9/info.json,1,0,0
handwired/maartenwut,keyboards/handwired/maartenwut/info.json,1,0,1
handwired/magicforce61,keyboards/handwired/magicforce61/info.json,1,0,0
handwired/magicforce68,keyboards/handwired/magicforce68/info.json,1,0,0
handwired/mechboards_micropad,keyboards/handwired/mechboards_micropad/info.json,1,0,0
handwired/minorca,keyboards/handwired/minorca/info.json,3,1,1
handwired/ms_sculpt_mobile,keyboards/handwired/ms_sculpt_mobile/info.json,2,1,0
handwired/myskeeb,,1,1,0
handwired/nicekey,,1,0,0
handwired/not_so_minidox,keyboards/handwired/not_so_minidox/info.json,2,1,0
handwired/novem,keyboards/handwired/novem/info.json,1,0,0
handwired/numpad20,keyboards/handwired/numpad20/info.json,1,0,0
handwired/obuwunkunubi/spaget,keyboards/handwired/obuwunkunubi/spaget/info.json,1,0,0
handwired/onekey,,11,4,1
handwired/onekey/blackpill_f401,,11,4,1
handwired/onekey/blackpill_f411,,11,4,1
handwired/onekey/bluepill,,11,4,1
handwired/onekey/elite_c,,11,4,1
handwired/onekey/promicro,,11,4,1
handwired/onekey/proton_c,,11,4,1
handwired/onekey/pytest,,11,4,1
handwired/onekey/stm32f0_disco,,11,4,1
handwired/onekey/teensy_2,,11,4,1
handwired/onekey/teensy_2pp,,11,4,1
handwired/onekey/teensy_32,,11,4,1
handwired/onekey/teensy_lc,,11,4,1
handwired/ortho5x13,keyboards/handwired/ortho5x13/info.json,1,0,0
handwired/owlet60,keyboards/handwired/owlet60/info.json,2,0,0
handwired/p1800fl,keyboards/handwired/p1800fl/info.json,1,0,0
handwired/p65rgb,keyboards/handwired/p65rgb/info.json,1,0,0
handwired/pilcrow,keyboards/handwired/pilcrow/info.json,1,0,0
handwired/postageboard,,1,0,0
handwired/postageboard/mini,,1,0,0
handwired/postageboard/r1,,1,0,0
handwired/prime_exl,keyboards/handwired/prime_exl/info.json,2,0,0
handwired/prime_exl_plus,keyboards/handwired/prime_exl_plus/info.json,2,0,0
handwired/prkl30/feather,keyboards/handwired/prkl30/info.json,2,2,0
handwired/prkl30/promicro,keyboards/handwired/prkl30/info.json,2,2,0
handwired/promethium,keyboards/handwired/promethium/info.json,2,2,0
handwired/pterodactyl,keyboards/handwired/pterodactyl/info.json,1,1,0
handwired/pteron,keyboards/handwired/pteron/info.json,2,0,0
handwired/pteron38,keyboards/handwired/pteron38/info.json,1,0,0
handwired/qc60,keyboards/handwired/qc60/info.json,2,0,0
handwired/qc60/proto,keyboards/handwired/qc60/info.json,2,0,0
handwired/reddot,keyboards/handwired/reddot/info.json,1,1,0
handwired/retro_refit,keyboards/handwired/retro_refit/info.json,1,0,0
handwired/riblee_f401,,2,0,1
handwired/rs60,,6,4,0
handwired/selene,keyboards/handwired/selene/info.json,2,0,0
handwired/sick68,keyboards/handwired/sick68/info.json,3,1,0
handwired/sick_pad,keyboards/handwired/sick_pad/info.json,2,0,0
handwired/slash,keyboards/handwired/slash/info.json,1,0,0
handwired/space_oddity,keyboards/handwired/space_oddity/info.json,1,0,0
handwired/splittest,,1,0,0
handwired/splittest/promicro,,1,0,0
handwired/splittest/teensy_2,,1,0,0
handwired/steamvan/rev1,keyboards/handwired/steamvan/info.json,2,0,0
handwired/sticc14,keyboards/handwired/sticc14/info.json,1,0,0
handwired/stream_cheap/2x3,keyboards/handwired/stream_cheap/2x3/info.json,1,0,0
handwired/stream_cheap/2x4,keyboards/handwired/stream_cheap/2x4/info.json,1,0,0
handwired/stream_cheap/2x5,keyboards/handwired/stream_cheap/2x5/info.json,1,0,0
handwired/swiftrax/astro65,keyboards/handwired/swiftrax/astro65/info.json,3,0,0
handwired/swiftrax/cowfish,keyboards/handwired/swiftrax/cowfish/info.json,2,0,0
handwired/swiftrax/pandamic,keyboards/handwired/swiftrax/pandamic/info.json,2,0,0
handwired/swiftrax/retropad,keyboards/handwired/swiftrax/retropad/info.json,2,0,0
handwired/symmetry60,keyboards/handwired/symmetry60/info.json,2,1,0
handwired/t111,keyboards/handwired/t111/info.json,2,1,0
handwired/tennie,keyboards/handwired/tennie/info.json,3,0,0
handwired/terminus_mini,keyboards/handwired/terminus_mini/info.json,1,0,0
handwired/trackpoint,,1,0,0
handwired/traveller,,1,1,0
handwired/tritium_numpad,keyboards/handwired/tritium_numpad/info.json,5,0,0
handwired/twadlee/tp69,keyboards/handwired/twadlee/tp69/info.json,1,0,0
handwired/unk,keyboards/handwired/unk/info.json,1,0,0
handwired/unk/rev1,keyboards/handwired/unk/info.json,1,0,0
handwired/videowriter,keyboards/handwired/videowriter/info.json,2,0,0
handwired/wabi,keyboards/handwired/wabi/info.json,2,1,0
handwired/woodpad,,1,0,0
handwired/wulkan,keyboards/handwired/wulkan/info.json,25,15,3
handwired/xealous,keyboards/handwired/xealous/info.json,1,0,0
handwired/xealous/rev1,keyboards/handwired/xealous/info.json,1,0,0
handwired/xealousbrown,keyboards/handwired/xealousbrown/info.json,1,0,0
handwired/z150,keyboards/handwired/z150/info.json,2,0,0
handwired/zergo,keyboards/handwired/zergo/info.json,1,0,0
hardlineworks/otd_plus,keyboards/hardlineworks/otd_plus/info.json,1,0,0
hecomi,,2,0,0
hecomi/alpha,keyboards/hecomi/alpha/info.json,2,0,0
heliar/wm1_hotswap,keyboards/heliar/wm1_hotswap/info.json,1,0,0

helix/pico,keyboards/helix/pico/info.json,3,3,0
helix/pico/back,keyboards/helix/pico/info.json,3,3,0
helix/pico/sc,keyboards/helix/pico/info.json,3,3,0
helix/pico/sc/back,keyboards/helix/pico/info.json,3,3,0
helix/pico/sc/under,keyboards/helix/pico/info.json,3,3,0
helix/pico/under,keyboards/helix/pico/info.json,3,3,0
helix/rev1,keyboards/helix/rev1/info.json,2,2,0
helix/rev2,keyboards/helix/rev2/info.json,9,9,2
helix/rev2/back,keyboards/helix/rev2/info.json,9,9,2
helix/rev2/back/oled,keyboards/helix/rev2/info.json,9,9,2
helix/rev2/oled,keyboards/helix/rev2/info.json,9,9,2
helix/rev2/oled/back,keyboards/helix/rev2/info.json,9,9,2
helix/rev2/oled/under,keyboards/helix/rev2/info.json,9,9,2
helix/rev2/sc,keyboards/helix/rev2/info.json,9,9,2
helix/rev2/sc/back,keyboards/helix/rev2/info.json,9,9,2
helix/rev2/sc/oled,keyboards/helix/rev2/info.json,9,9,2
helix/rev2/sc/oledback,keyboards/helix/rev2/info.json,9,9,2
helix/rev2/sc/oledunder,keyboards/helix/rev2/info.json,9,9,2
helix/rev2/sc/under,keyboards/helix/rev2/info.json,9,9,2
helix/rev2/under,keyboards/helix/rev2/info.json,9,9,2
helix/rev2/under/oled,keyboards/helix/rev2/info.json,9,9,2
hhkb/ansi,keyboards/hhkb/ansi/info.json,18,5,1
hhkb/jp,keyboards/hhkb/jp/info.json,9,1,0
hhkb_lite_2,,2,0,0
hid_liber,keyboards/hid_liber/info.json,2,1,0
hifumi,keyboards/hifumi/info.json,2,0,0
hineybush/h10,keyboards/hineybush/h10/info.json,2,0,0
hineybush/h60,keyboards/hineybush/h60/info.json,17,6,3
hineybush/h75_singa,keyboards/hineybush/h75_singa/info.json,3,0,0
hineybush/h87a,keyboards/hineybush/h87a/info.json,4,1,0
hineybush/h88,keyboards/hineybush/h88/info.json,3,0,0
hineybush/hbcp,keyboards/hineybush/hbcp/info.json,4,0,0
hineybush/hineyg80,keyboards/hineybush/hineyg80/info.json,2,0,0
hineybush/physix,keyboards/hineybush/physix/info.json,2,0,0
hineybush/sm68,keyboards/hineybush/sm68/info.json,2,0,0
holyswitch/southpaw75,keyboards/holyswitch/southpaw75/info.json,2,0,0
honeycomb,,1,0,0
hotdox,keyboards/hotdox/info.json,118,114,1
hs60/v1,keyboards/hs60/v1/info.json,7,4,1
hs60/v2/ansi,keyboards/hs60/v2/ansi/info.json,7,4,1
hs60/v2/hhkb,keyboards/hs60/v2/hhkb/info.json,3,0,0
hs60/v2/iso,keyboards/hs60/v2/iso/info.json,5,1,0
hub16,,4,0,0
id80,keyboards/id80/info.json,2,0,0
idb/idb_60,keyboards/idb/idb_60/info.json,4,0,0
idobo,keyboards/idobo/info.json,8,1,0
illuminati/is0,keyboards/illuminati/is0/info.json,3,0,0
inett_studio/sqx/hotswap,keyboards/inett_studio/sqx/hotswap/info.json,6,0,0
inett_studio/sqx/universal,keyboards/inett_studio/sqx/universal/info.json,17,7,3
infinity60,keyboards/infinity60/info.json,8,4,3
ivy,,1,0,0
ivy/rev1,,1,0,0
j80,keyboards/j80/info.json,2,0,0
jae/j01,keyboards/jae/j01/info.json,1,0,0
jc65/v32a,keyboards/jc65/v32a/info.json,4,0,0
jc65/v32u4,keyboards/jc65/v32u4/info.json,7,1,0
jd40,keyboards/jd40/info.json,3,1,0
jd45,keyboards/jd45/info.json,7,2,1
jian,keyboards/jian/info.json,3,0,0
jian/handwired,keyboards/jian/info.json,3,0,0
jian/nsrev2,keyboards/jian/info.json,3,0,0
jian/rev1,keyboards/jian/info.json,3,0,0
jian/rev2,keyboards/jian/info.json,3,0,0
jiran,keyboards/jiran/info.json,2,0,0
jiran/rev1,keyboards/jiran/info.json,2,0,0
jiran/rev2,keyboards/jiran/info.json,2,0,0
jisplit89,keyboards/jisplit89/info.json,2,2,0
jisplit89/rev1,keyboards/jisplit89/info.json,2,2,0
jj40,keyboards/jj40/info.json,36,16,3
jj4x4,keyboards/jj4x4/info.json,3,0,0
jj50,keyboards/jj50/info.json,10,5,0
jm60,,2,0,0
jnao,keyboards/jnao/info.json,31,19,3
just60,keyboards/just60/info.json,2,0,0
k_type,keyboards/k_type/info.json,6,2,2
kabedon/kabedon78s,keyboards/kabedon/kabedon78s/info.json,2,0,0
kabedon/kabedon980,keyboards/kabedon/kabedon980/info.json,2,0,0
kagamidget,keyboards/kagamidget/info.json,1,0,0
kb_elmo/aek2_usb,keyboards/kb_elmo/aek2_usb/info.json,1,0,0
kb_elmo/elmopad,keyboards/kb_elmo/elmopad/info.json,1,0,0
kb_elmo/m0110a_usb,keyboards/kb_elmo/m0110a_usb/info.json,1,0,0
kb_elmo/m0116_usb,keyboards/kb_elmo/m0116_usb/info.json,1,0,0
kb_elmo/sesame,keyboards/kb_elmo/sesame/info.json,1,0,0
kbdclack/kaishi65,keyboards/kbdclack/kaishi65/info.json,3,1,0
kbdfans/bella/soldered,keyboards/kbdfans/bella/soldered/info.json,2,0,0
kbdfans/kbd19x,keyboards/kbdfans/kbd19x/info.json,2,0,0
kbdfans/kbd4x,keyboards/kbdfans/kbd4x/info.json,26,15,3
kbdfans/kbd66,keyboards/kbdfans/kbd66/info.json,4,0,1
kbdfans/kbd67/hotswap,keyboards/kbdfans/kbd67/hotswap/info.json,4,0,0
kbdfans/kbd67/mkii_soldered,keyboards/kbdfans/kbd67/mkii_soldered/info.json,8,0,0
kbdfans/kbd67/mkiirgb/v1,keyboards/kbdfans/kbd67/mkiirgb/info.json,7,1,0
kbdfans/kbd67/mkiirgb/v2,keyboards/kbdfans/kbd67/mkiirgb/info.json,7,1,0
kbdfans/kbd67/rev1,keyboards/kbdfans/kbd67/rev1/info.json,6,2,0
kbdfans/kbd67/rev2,keyboards/kbdfans/kbd67/rev2/info.json,13,3,0
kbdfans/kbd6x,keyboards/kbdfans/kbd6x/info.json,10,2,0
kbdfans/kbd75,,16,3,0
kbdfans/kbd75/rev1,keyboards/kbdfans/kbd75/rev1/info.json,16,3,0
kbdfans/kbd75/rev2,keyboards/kbdfans/kbd75/rev2/info.json,16,3,0
kbdfans/kbd8x,keyboards/kbdfans/kbd8x/info.json,2,0,0
kbdfans/kbd8x_mk2,keyboards/kbdfans/kbd8x_mk2/info.json,12,1,1
kbdfans/kbdmini,,1,0,0
kbdfans/kbdpad/mk1,keyboards/kbdfans/kbdpad/mk1/info.json,1,0,0
kbdfans/kbdpad_mk2,keyboards/kbdfans/kbdpad_mk2/info.json,3,0,0
kbdfans/maja,keyboards/kbdfans/maja/info.json,2,0,0
kbdfans/maja_soldered,keyboards/kbdfans/maja_soldered/info.json,2,0,0
kc60,keyboards/kc60/info.json,14,4,1
kc60se,keyboards/kc60se/info.json,11,6,2
keebio/bdn9,keyboards/keebio/bdn9/info.json,12,0,0
keebio/bdn9/rev1,keyboards/keebio/bdn9/info.json,12,0,0
keebio/bdn9/rev2,keyboards/keebio/bdn9/info.json,12,0,0
keebio/bfo9000,,5,1,0
keebio/choconum,keyboards/keebio/choconum/info.json,3,0,0
keebio/chocopad,keyboards/keebio/chocopad/info.json,3,1,0
keebio/dilly,keyboards/keebio/dilly/info.json,5,1,0
keebio/ergodicity,keyboards/keebio/ergodicity/info.json,1,0,0
keebio/fourier,keyboards/keebio/fourier/info.json,4,0,0
keebio/iris/rev1,keyboards/keebio/iris/info.json,60,28,2
keebio/iris/rev1_led,keyboards/keebio/iris/info.json,60,28,2
keebio/iris/rev2,keyboards/keebio/iris/info.json,60,28,2
keebio/iris/rev3,keyboards/keebio/iris/info.json,60,28,2
keebio/iris/rev4,keyboards/keebio/iris/info.json,60,28,2
keebio/kbo5000,keyboards/keebio/kbo5000/info.json,3,0,0
keebio/kbo5000/rev1,keyboards/keebio/kbo5000/info.json,3,0,0
keebio/laplace,keyboards/keebio/laplace/info.json,2,0,0
keebio/levinson,keyboards/keebio/levinson/info.json,42,21,3
keebio/levinson/rev1,keyboards/keebio/levinson/info.json,42,21,3
keebio/levinson/rev2,keyboards/keebio/levinson/info.json,42,21,3
keebio/levinson/rev3,keyboards/keebio/levinson/info.json,42,21,3
keebio/nyquist/rev1,keyboards/keebio/nyquist/info.json,48,22,3
keebio/nyquist/rev2,keyboards/keebio/nyquist/info.json,48,22,3
keebio/nyquist/rev3,keyboards/keebio/nyquist/info.json,48,22,3
keebio/quefrency,keyboards/keebio/quefrency/info.json,13,2,0
keebio/quefrency/rev1,keyboards/keebio/quefrency/info.json,13,2,0
keebio/quefrency/rev2,keyboards/keebio/quefrency/info.json,13,2,0
keebio/rorschach,keyboards/keebio/rorschach/info.json,3,0,0
keebio/rorschach/rev1,keyboards/keebio/rorschach/info.json,3,0,0
keebio/sinc,keyboards/keebio/sinc/info.json,3,0,0
keebio/sinc/rev1,keyboards/keebio/sinc/info.json,3,0,0
keebio/tragicforce68,keyboards/keebio/tragicforce68/info.json,4,2,0
keebio/tukey,keyboards/keebio/tukey/info.json,1,0,0
keebio/viterbi,,12,7,1
keebio/viterbi/rev1,,12,7,1
keebio/viterbi/rev2,,12,7,1
keebio/wavelet,keyboards/keebio/wavelet/info.json,25,15,3
keebwerk/nano_slider,keyboards/keebwerk/nano_slider/info.json,1,1,0
keebzdotnet/wazowski,keyboards/keebzdotnet/wazowski/info.json,2,0,0
keybage/radpad,keyboards/keybage/radpad/info.json,1,0,0
keyboardio/model01,keyboards/keyboardio/model01/info.json,3,2,0
keycapsss/o4l_5x12,keyboards/keycapsss/o4l_5x12/info.json,7,4,0
keycapsss/plaid_pad,keyboards/keycapsss/plaid_pad/info.json,3,0,0
keycapsss/plaid_pad/rev1,keyboards/keycapsss/plaid_pad/info.json,3,0,0
keycapsss/plaid_pad/rev2,keyboards/keycapsss/plaid_pad/info.json,3,0,0
keyhive/maypad,keyboards/keyhive/maypad/info.json,3,0,0
kinesis,keyboards/kinesis/info.json,10,2,0
kinesis/alvicstep,keyboards/kinesis/info.json,10,2,0
kinesis/kint2pp,keyboards/kinesis/info.json,10,2,0
kinesis/nguyenvietyen,keyboards/kinesis/info.json,10,2,0
kinesis/stapelberg,keyboards/kinesis/info.json,10,2,0
kingly_keys/little_foot,keyboards/kingly_keys/little_foot/info.json,1,0,0
kingly_keys/romac,keyboards/kingly_keys/romac/info.json,5,1,0
kingly_keys/romac_plus,keyboards/kingly_keys/romac_plus/info.json,2,0,0
kingly_keys/ropro,keyboards/kingly_keys/ropro/info.json,2,0,0
kingly_keys/smd_milk,keyboards/kingly_keys/smd_milk/info.json,1,0,0
kingly_keys/soap,keyboards/kingly_keys/soap/info.json,1,0,0
kira75,keyboards/kira75/info.json,1,0,0
kira80,keyboards/kira80/info.json,5,0,0
kiwikeebs/macro,keyboards/kiwikeebs/macro/info.json,1,0,0
kmac,keyboards/kmac/info.json,6,1,1
kmini,keyboards/kmini/info.json,1,0,0
knops/mini,keyboards/knops/mini/info.json,4,1,1
kona_classic,keyboards/kona_classic/info.json,10,0,0

kudox/columner,keyboards/kudox/columner/info.json,2,0,0
kudox/rev1,keyboards/kudox/rev1/info.json,3,1,0
kudox/rev2,keyboards/kudox/rev2/info.json,2,1,0
kudox/rev3,keyboards/kudox/rev3/info.json,3,1,0
kudox_game,keyboards/kudox_game/info.json,2,0,0
kudox_game/rev1,keyboards/kudox_game/info.json,2,0,0
kudox_game/rev2,keyboards/kudox_game/info.json,2,0,0
kv/revt,keyboards/kv/revt/info.json,1,0,0
kyria,keyboards/kyria/info.json,16,7,0
kyria/rev1,keyboards/kyria/info.json,16,7,0
laptreus,,3,1,0
latinpad,keyboards/latinpad/info.json,2,0,0
lattice60,keyboards/lattice60/info.json,5,1,1
launchpad,,3,0,0
launchpad/rev1,,3,0,0
lazydesigners/bolt,keyboards/lazydesigners/bolt/info.json,1,0,0
lazydesigners/bolt/via,keyboards/lazydesigners/bolt/info.json,1,0,0
lazydesigners/dimple,keyboards/lazydesigners/dimple/info.json,3,1,0
lazydesigners/the30,keyboards/lazydesigners/the30/info.json,3,1,0
lazydesigners/the50,keyboards/lazydesigners/the50/info.json,2,0,0
lazydesigners/the60,keyboards/lazydesigners/the60/info.json,1,0,0
le_chiffre,keyboards/le_chiffre/info.json,1,0,0
leeku/finger65,keyboards/leeku/finger65/info.json,2,0,0
lets_split,keyboards/lets_split/info.json,61,24,4
lets_split/rev1,keyboards/lets_split/info.json,61,24,4
lets_split/rev2,keyboards/lets_split/info.json,61,24,4
lets_split/sockets,keyboards/lets_split/info.json,61,24,4
lets_split_eh,,32,18,3
lets_split_eh/eh,,32,18,3
lfkeyboards/lfk65_hs,keyboards/lfkeyboards/lfk65_hs/info.json,1,0,0
lfkeyboards/lfk78,,4,0,0
lfkeyboards/lfk78/revb,keyboards/lfkeyboards/lfk78/revb/info.json,4,0,0
lfkeyboards/lfk78/revc,keyboards/lfkeyboards/lfk78/revc/info.json,4,0,0
lfkeyboards/lfk78/revj,keyboards/lfkeyboards/lfk78/revj/info.json,4,0,0
lfkeyboards/lfk87,keyboards/lfkeyboards/lfk87/info.json,7,1,1
lfkeyboards/lfkpad,keyboards/lfkeyboards/lfkpad/info.json,1,0,0
lfkeyboards/mini1800,keyboards/lfkeyboards/mini1800/info.json,2,0,0
lfkeyboards/smk65,keyboards/lfkeyboards/smk65/info.json,2,0,0
lily58,,12,4,0
lily58/rev1,keyboards/lily58/rev1/info.json,12,4,0
longnald/corin,keyboards/longnald/corin/info.json,1,0,0
m10a,,3,1,1
maartenwut/atom47,,4,0,4
maartenwut/atom47/rev2,keyboards/maartenwut/atom47/rev2/info.json,4,0,4
maartenwut/atom47/rev3,keyboards/maartenwut/atom47/rev3/info.json,4,0,4
maartenwut/eon40,keyboards/maartenwut/eon40/info.json,27,15,5
maartenwut/eon65,keyboards/maartenwut/eon65/info.json,6,2,3
maartenwut/eon75,keyboards/maartenwut/eon75/info.json,2,0,2
maartenwut/eon87,keyboards/maartenwut/eon87/info.json,5,1,3
maartenwut/eon95,keyboards/maartenwut/eon95/info.json,2,0,2
maartenwut/gh80_1800,keyboards/maartenwut/gh80_1800/info.json,2,0,2
maartenwut/gh80_3700,keyboards/maartenwut/gh80_3700/info.json,4,0,4
maartenwut/minitomic,keyboards/maartenwut/minitomic/info.json,1,0,1
maartenwut/mx5160,keyboards/maartenwut/mx5160/info.json,1,0,1
maartenwut/nt660,keyboards/maartenwut/nt660/info.json,6,1,3
maartenwut/omrontkl,keyboards/maartenwut/omrontkl/info.json,1,0,1
maartenwut/plain60,keyboards/maartenwut/plain60/info.json,20,7,8
maartenwut/pockettype,keyboards/maartenwut/pockettype/info.json,25,15,4
maartenwut/quackfire,keyboards/maartenwut/quackfire/info.json,5,1,3
maartenwut/solheim68,keyboards/maartenwut/solheim68/info.json,1,0,1
maartenwut/ta65,keyboards/maartenwut/ta65/info.json,9,1,7
maartenwut/wasdat,keyboards/maartenwut/wasdat/info.json,7,1,5
maartenwut/wasdat_code,keyboards/maartenwut/wasdat_code/info.json,6,1,4
maartenwut/wonderland,keyboards/maartenwut/wonderland/info.json,5,0,5
majistic,keyboards/majistic/info.json,1,1,0
manta60,keyboards/manta60/info.json,1,0,0
marksard/leftover30,keyboards/marksard/leftover30/info.json,1,0,0
marksard/rhymestone,keyboards/marksard/rhymestone/info.json,2,1,0
marksard/rhymestone/rev1,keyboards/marksard/rhymestone/info.json,2,1,0
massdrop/alt,keyboards/massdrop/alt/info.json,12,2,0
massdrop/ctrl,keyboards/massdrop/ctrl/info.json,8,2,0
masterworks/classy_tkl/rev_a,keyboards/masterworks/classy_tkl/info.json,4,0,0
matrix/cain_re,keyboards/matrix/cain_re/info.json,1,0,0
matrix/m12og,keyboards/matrix/m12og/info.json,2,0,0
matrix/m20add,keyboards/matrix/m20add/info.json,2,0,0
matrix/noah,keyboards/matrix/noah/info.json,6,0,0
maxipad,keyboards/maxipad/info.json,1,0,0
maxipad/promicro,keyboards/maxipad/info.json,1,0,0
maxipad/teensy2,keyboards/maxipad/info.json,1,0,0
maxr1998/phoebe,keyboards/maxr1998/phoebe/info.json,1,1,0
maxr1998/pulse4k,keyboards/maxr1998/pulse4k/info.json,2,2,2
mc_76k,keyboards/mc_76k/info.json,2,0,0
mechkeys/mk60,keyboards/mechkeys/mk60/info.json,1,0,0
mechllama/g35,keyboards/mechllama/g35/info.json,1,0,0
mechllama/g35/v1,keyboards/mechllama/g35/info.json,1,0,0
mechllama/g35/v2,keyboards/mechllama/g35/info.json,1,0,0
mechlovin/adelais,keyboards/mechlovin/adelais/info.json,2,0,0
mechlovin/adelais/rgb_led,keyboards/mechlovin/adelais/info.json,2,0,0
mechlovin/adelais/rgb_led/rev1,keyboards/mechlovin/adelais/info.json,2,0,0
mechlovin/adelais/rgb_led/rev2,keyboards/mechlovin/adelais/info.json,2,0,0
mechlovin/adelais/standard_led,keyboards/mechlovin/adelais/info.json,2,0,0
mechlovin/adelais/standard_led/rev2,keyboards/mechlovin/adelais/info.json,2,0,0
mechlovin/adelais/standard_led/rev3,keyboards/mechlovin/adelais/info.json,2,0,0
mechlovin/delphine,keyboards/mechlovin/delphine/info.json,2,0,0
mechlovin/delphine/mono_led,keyboards/mechlovin/delphine/info.json,2,0,0
mechlovin/delphine/rgb_led,keyboards/mechlovin/delphine/info.json,2,0,0
mechlovin/hannah60rgb,keyboards/mechlovin/hannah60rgb/info.json,2,0,2

mechlovin/hannah65/mechlovin9,keyboards/mechlovin/hannah65/mechlovin9/info.json,2,0,0
mechlovin/hannah65/rev1,keyboards/mechlovin/hannah65/rev1/info.json,2,0,0

mechlovin/hannah910/rev1,keyboards/mechlovin/hannah910/rev1/info.json,3,0,0
mechlovin/hannah910/rev2,keyboards/mechlovin/hannah910/rev2/info.json,4,1,0
mechlovin/hannah910/rev3,keyboards/mechlovin/hannah910/rev3/info.json,5,1,0
mechlovin/infinity87,keyboards/mechlovin/infinity87/info.json,2,0,0
mechlovin/infinityce,keyboards/mechlovin/infinityce/info.json,2,0,0
mechlovin/kanu,keyboards/mechlovin/kanu/info.json,4,1,0
mechlovin/pisces,keyboards/mechlovin/pisces/info.json,2,0,0

mechmini/v1,,2,0,0
mechmini/v2,keyboards/mechmini/v2/info.json,11,2,0
mehkee96,keyboards/mehkee96/info.json,2,1,0
meira,,28,19,3
meira/featherble,,28,19,3
meira/promicro,,28,19,3
meishi,,1,0,0
meishi2,keyboards/meishi2/info.json,2,0,0
melgeek/mj61/rev1,keyboards/melgeek/mj61/info.json,2,0,0
melody96,keyboards/melody96/info.json,6,2,0
meme,keyboards/meme/info.json,1,0,0
meson,keyboards/meson/info.json,1,0,0
metamechs/timberwolf,keyboards/metamechs/timberwolf/info.json,8,0,0
miller/gm862,keyboards/miller/gm862/info.json,2,0,0
miniaxe,keyboards/miniaxe/info.json,3,1,0
minidox,,12,3,0
minidox/rev1,keyboards/minidox/rev1/info.json,12,3,0
minimacro5,keyboards/minimacro5/info.json,2,0,0
mint60,keyboards/mint60/info.json,2,0,0
misterknife/knife66,keyboards/misterknife/knife66/info.json,1,0,0
mitosis,keyboards/mitosis/info.json,5,1,0
miuni32,keyboards/miuni32/info.json,5,0,0
mixi,keyboards/mixi/info.json,2,0,0
montsinger/rebound,,24,15,3
montsinger/rebound/rev1,keyboards/montsinger/rebound/rev1/info.json,26,16,3
montsinger/rebound/rev2,keyboards/montsinger/rebound/rev2/info.json,26,16,3
montsinger/rebound/rev3,keyboards/montsinger/rebound/rev3/info.json,26,16,3
montsinger/rebound/rev4,keyboards/montsinger/rebound/rev4/info.json,26,16,3
montsinger/rewind,keyboards/montsinger/rewind/info.json,2,1,0
moon,keyboards/moon/info.json,8,1,1
moonlander,keyboards/moonlander/info.json,2,2,0
mountainblocks/mb17,keyboards/mountainblocks/mb17/info.json,2,0,0
mschwingen/modelm,,1,0,0
mschwingen/modelm/led_ffc,,1,0,0
mschwingen/modelm/led_wired,,1,0,0
mschwingen/modelm/led_ws2812,,1,0,0
mt40,keyboards/mt40/info.json,2,0,0
mt980,keyboards/mt980/info.json,2,1,0

murcielago/rev1,keyboards/murcielago/info.json,2,0,0
mxss,keyboards/mxss/info.json,2,0,0
mysticworks/wyvern,keyboards/mysticworks/wyvern/info.json,2,0,0
nafuda,keyboards/nafuda/info.json,1,0,0
naked48,keyboards/naked48/info.json,6,3,0
naked48/rev1,keyboards/naked48/info.json,6,3,0
naked60,keyboards/naked60/info.json,7,4,0
naked60/rev1,keyboards/naked60/info.json,7,4,0
naked64,keyboards/naked64/info.json,4,3,0
naked64/rev1,keyboards/naked64/info.json,4,3,0
namecard2x4,keyboards/namecard2x4/info.json,2,1,0
namecard2x4/rev1,keyboards/namecard2x4/info.json,2,1,0
namecard2x4/rev2,keyboards/namecard2x4/info.json,2,1,0
navi10,keyboards/navi10/info.json,2,0,0
navi10/rev0,keyboards/navi10/info.json,2,0,0
navi10/rev2,keyboards/navi10/info.json,2,0,0
navi10/rev3,keyboards/navi10/info.json,2,0,0
ncc1701kb,keyboards/ncc1701kb/info.json,2,0,0
nckiibs/flatbread60,keyboards/nckiibs/flatbread60/info.json,2,0,0
nckiibs/vaneela,keyboards/nckiibs/vaneela/info.json,2,0,0
nckiibs/vaneelaex,keyboards/nckiibs/vaneelaex/info.json,2,0,0
nebula12,keyboards/nebula12/info.json,2,0,0
nebula68,keyboards/nebula68/info.json,3,1,0
nek_type_a,keyboards/nek_type_a/info.json,1,0,0
nemui,keyboards/nemui/info.json,2,0,0
newgame40,keyboards/newgame40/info.json,1,0,0
nightly_boards/alter/rev1,keyboards/nightly_boards/alter/rev1/info.json,1,0,0
nightly_boards/n2,keyboards/nightly_boards/n2/info.json,2,0,0
nightly_boards/n87,keyboards/nightly_boards/n87/info.json,4,0,0
nightly_boards/ph_arisu,keyboards/nightly_boards/ph_arisu/info.json,2,0,0
nightmare,keyboards/nightmare/info.json,2,0,0
niu_mini,keyboards/niu_mini/info.json,37,18,4
nk65,keyboards/nk65/info.json,5,1,0
nk87,keyboards/nk87/info.json,2,0,0
nomu30,keyboards/nomu30/info.json,4,2,0
nomu30/rev1,keyboards/nomu30/info.json,4,2,0
nomu30/rev2,keyboards/nomu30/info.json,4,2,0
novelpad,keyboards/novelpad/info.json,2,0,0
noxary/220,keyboards/noxary/220/info.json,2,0,0
noxary/260,keyboards/noxary/260/info.json,13,5,2
noxary/268,keyboards/noxary/268/info.json,5,0,0
noxary/268_2,keyboards/noxary/268_2/info.json,3,1,0
noxary/280,keyboards/noxary/280/info.json,2,0,0
noxary/x268,keyboards/noxary/x268/info.json,2,0,0
numatreus,keyboards/numatreus/info.json,4,2,0
oddball,keyboards/oddball/info.json,1,0,0
ogre/ergo_single,keyboards/ogre/ergo_single/info.json,1,0,0
ogre/ergo_split,keyboards/ogre/ergo_split/info.json,1,0,0
ok60,keyboards/ok60/info.json,11,5,2
omnikey_bh,keyboards/omnikey_bh/info.json,1,0,0
omnikeyish,keyboards/omnikeyish/info.json,2,0,0
orange75,keyboards/orange75/info.json,1,0,0
org60,keyboards/org60/info.json,7,4,1
ortho5by12,keyboards/ortho5by12/info.json,1,0,0
orthodox,,5,1,0
orthodox/rev1,keyboards/orthodox/rev1/info.json,5,1,0
orthodox/rev3,keyboards/orthodox/rev3/info.json,5,1,0
orthodox/rev3_teensy,keyboards/orthodox/rev3_teensy/info.json,5,1,0
otaku_split/rev0,keyboards/otaku_split/rev0/info.json,2,0,0
otaku_split/rev1,keyboards/otaku_split/rev1/info.json,2,0,0
pabile/p18,keyboards/pabile/p18/info.json,1,0,0
pabile/p20/ver1,,2,0,0
pabile/p20/ver2,,2,0,0
pabile/p40,keyboards/pabile/p40/info.json,1,0,0
pabile/p40_ortho,keyboards/pabile/p40_ortho/info.json,1,0,0
pabile/p42,keyboards/pabile/p42/info.json,1,0,0
paladin64,keyboards/paladin64/info.json,5,3,1
palette1202,keyboards/palette1202/info.json,2,0,0
panc40,keyboards/panc40/info.json,3,0,0
panc60,keyboards/panc60/info.json,7,4,2
pandora,keyboards/pandora/info.json,2,0,0
pdxkbc,keyboards/pdxkbc/info.json,2,0,0
pearl,keyboards/pearl/info.json,5,0,0
peiorisboards/ixora,keyboards/peiorisboards/ixora/info.json,2,0,0
percent/booster,keyboards/percent/booster/info.json,2,0,0
percent/canoe,keyboards/percent/canoe/info.json,6,2,0
percent/canoe_gen2,keyboards/percent/canoe_gen2/info.json,3,0,0
percent/skog,keyboards/percent/skog/info.json,1,0,0
percent/skog_lite,keyboards/percent/skog_lite/info.json,6,1,1
phantom,keyboards/phantom/info.json,6,1,1
phoenix,keyboards/phoenix/info.json,1,0,0

pico/65keys,keyboards/pico/65keys/info.json,2,1,0
pico/70keys,keyboards/pico/70keys/info.json,2,1,0

pimentoso/paddino02/rev1,,1,0,0
pimentoso/paddino02/rev2/left,,1,0,0
pimentoso/paddino02/rev2/right,,1,0,0

pinky/3,,2,1,0
pinky/4,,2,0,0
pistachio,keyboards/pistachio/info.json,1,1,0
planck/ez,keyboards/planck/ez/info.json,178,78,6
planck/light,keyboards/planck/light/info.json,178,78,6
planck/rev1,keyboards/planck/rev1/info.json,178,78,6
planck/rev2,keyboards/planck/rev2/info.json,178,78,6
planck/rev3,keyboards/planck/rev3/info.json,178,78,6
planck/rev4,keyboards/planck/rev4/info.json,178,78,6
planck/rev5,keyboards/planck/rev5/info.json,178,78,6
planck/rev6,keyboards/planck/rev6/info.json,178,78,6
playkbtw/ca66,keyboards/playkbtw/ca66/info.json,3,0,0
playkbtw/pk60,keyboards/playkbtw/pk60/info.json,6,2,1
ploopyco/mouse,keyboards/ploopyco/mouse/info.json,2,0,0
ploopyco/trackball,keyboards/ploopyco/trackball/info.json,2,0,0
plume/plume65,keyboards/plume/plume65/info.json,2,0,0
pom_keyboards/tnln95,keyboards/pom_keyboards/tnln95/info.json,2,0,0
preonic/rev1,keyboards/preonic/info.json,47,27,0
preonic/rev2,keyboards/preonic/info.json,47,27,0
preonic/rev3,keyboards/preonic/rev3/info.json,47,27,0
primekb/meridian,keyboards/primekb/meridian/info.json,2,0,0
primekb/prime_e,keyboards/primekb/prime_e/info.json,4,0,0
primekb/prime_l,keyboards/primekb/prime_l/info.json,2,0,0
primekb/prime_l/v1,keyboards/primekb/prime_l/v1/info.json,2,0,0
primekb/prime_l/v2,keyboards/primekb/prime_l/v2/info.json,2,0,0
primekb/prime_m,keyboards/primekb/prime_m/info.json,5,1,0
primekb/prime_o,keyboards/primekb/prime_o/info.json,3,1,0
primekb/prime_r,keyboards/primekb/prime_r/info.json,2,0,0
projectkb/alice,keyboards/projectkb/alice/info.json,6,1,0
projectkb/alice/rev1,keyboards/projectkb/alice/info.json,6,1,0
projectkb/alice/rev2,keyboards/projectkb/alice/info.json,6,1,0
projectkb/signature87,keyboards/projectkb/signature87/info.json,5,1,1
puck,keyboards/puck/info.json,1,0,0
punk75,keyboards/punk75/info.json,3,1,0
qaz,keyboards/qaz/info.json,3,0,0
quad_h/lb75,keyboards/quad_h/lb75/info.json,4,0,0
quantrik/kyuu,keyboards/quantrik/kyuu/info.json,2,0,0
qwertyydox,keyboards/qwertyydox/info.json,1,0,0
qwertyydox/rev1,keyboards/qwertyydox/info.json,1,0,0
rabbit/rabbit68,keyboards/rabbit/rabbit68/info.json,2,0,0
rabbit_capture_plan,keyboards/rabbit_capture_plan/info.json,2,0,0
ramonimbao/herringbone,keyboards/ramonimbao/herringbone/info.json,3,0,0
ramonimbao/squishy65,keyboards/ramonimbao/squishy65/info.json,3,0,0
ramonimbao/wete,keyboards/ramonimbao/wete/info.json,4,1,0
rart/rart67,keyboards/rart/rart67/info.json,2,0,0
rart/rart75,keyboards/rart/rart75/info.json,3,0,0
rart/rartpad,keyboards/rart/rartpad/info.json,4,0,0
redox,keyboards/redox/info.json,11,3,0
redox/rev1,keyboards/redox/info.json,11,3,0
redox_w,keyboards/redox_w/info.json,3,2,0
redscarf_i,keyboards/redscarf_i/info.json,4,0,0
redscarf_iiplus/verb,keyboards/redscarf_iiplus/verb/info.json,1,0,0
redscarf_iiplus/verc,keyboards/redscarf_iiplus/verc/info.json,3,1,0
redscarf_iiplus/verd,keyboards/redscarf_iiplus/verd/info.json,2,0,0
retro_75,keyboards/retro_75/info.json,2,0,0
reversestudio/decadepad,keyboards/reversestudio/decadepad/info.json,2,0,0
reviung33,keyboards/reviung33/info.json,2,1,0
reviung34,keyboards/reviung34/info.json,1,0,0
reviung39,keyboards/reviung39/info.json,3,0,0
reviung41,keyboards/reviung41/info.json,1,0,0
reviung61,keyboards/reviung61/info.json,6,3,1
rgbkb/sol,,6,2,0
rgbkb/sol/rev1,keyboards/rgbkb/sol/rev1/info.json,6,2,0
rgbkb/sol/rev2,keyboards/rgbkb/sol/rev2/info.json,6,2,0

rgbkb/zen/rev1,keyboards/rgbkb/zen/rev1/info.json,7,2,0
rgbkb/zen/rev2,keyboards/rgbkb/zen/rev2/info.json,2,1,1
rgbkb/zygomorph,,34,21,3
rgbkb/zygomorph/rev1,keyboards/rgbkb/zygomorph/rev1/info.json,34,21,3
rominronin/katana60/rev1,keyboards/rominronin/katana60/rev1/info.json,5,0,0
rominronin/katana60/rev2,keyboards/rominronin/katana60/rev2/info.json,3,0,0
rotr,keyboards/rotr/info.json,1,0,0

runner3680/3x6,,1,0,0
runner3680/3x7,,1,0,0
runner3680/3x8,,1,0,0
runner3680/4x6,,1,0,0
runner3680/4x7,,1,0,0
runner3680/4x8,,1,0,0
runner3680/5x6,,1,0,0
runner3680/5x7,,1,0,0
runner3680/5x8,,2,1,0

s7_elephant/rev1,keyboards/s7_elephant/rev1/info.json,1,0,0
s7_elephant/rev2,keyboards/s7_elephant/rev2/info.json,2,0,0
satt/vision,keyboards/satt/vision/info.json,3,3,3
scarletbandana,keyboards/scarletbandana/info.json,1,0,0
sck/gtm,,3,0,0
sck/m0116b,keyboards/sck/m0116b/info.json,3,0,0
sck/neiso,keyboards/sck/neiso/info.json,1,0,0
sck/osa,keyboards/sck/osa/info.json,6,0,0
scythe,keyboards/scythe/info.json,2,0,0
sentraq/number_pad,keyboards/sentraq/number_pad/info.json,1,0,0
sentraq/s60_x/default,keyboards/sentraq/s60_x/info.json,28,7,3
sentraq/s60_x/rgb,keyboards/sentraq/s60_x/info.json,28,7,3
sentraq/s65_plus,keyboards/sentraq/s65_plus/info.json,2,0,0
sentraq/s65_x,keyboards/sentraq/s65_x/info.json,7,1,0
setta21,keyboards/setta21/info.json,2,1,0
setta21/rev1,keyboards/setta21/info.json,2,1,0
shambles,keyboards/shambles/info.json,1,1,0
shiro,keyboards/shiro/info.json,3,0,0
sidderskb/majbritt,keyboards/sidderskb/majbritt/info.json,2,0,0
signum/3_0/elitec,keyboards/signum/3_0/elitec/info.json,25,15,3
silverbullet44,keyboards/silverbullet44/info.json,2,0,0
singa,keyboards/singa/info.json,4,0,0

sirius/uni660/rev1,keyboards/sirius/uni660/rev1/info.json,2,0,0
sirius/uni660/rev2/ansi,keyboards/sirius/uni660/rev2/ansi/info.json,2,0,0
sirius/uni660/rev2/iso,keyboards/sirius/uni660/rev2/iso/info.json,2,0,0
sirius/unigo66,keyboards/sirius/unigo66/info.json,2,1,1
sixkeyboard,keyboards/sixkeyboard/info.json,2,1,0
smk60,keyboards/smk60/info.json,14,5,2
snampad,keyboards/snampad/info.json,1,0,0
sneakbox/aliceclone,keyboards/sneakbox/aliceclone/info.json,2,0,0
sofle,,2,0,0
sofle/rev1,keyboards/sofle/rev1/info.json,2,0,0
southpaw75,keyboards/southpaw75/info.json,1,0,0
southpole,keyboards/southpole/info.json,2,0,0
sp111,keyboards/sp111/info.json,2,0,2
spaceman/2_milk,keyboards/spaceman/2_milk/info.json,8,0,0
spaceman/pancake/feather,keyboards/spaceman/pancake/info.json,26,15,3
spaceman/pancake/promicro,keyboards/spaceman/pancake/info.json,26,15,3
spacetime,keyboards/spacetime/info.json,2,0,0
spacetime/rev1,keyboards/spacetime/info.json,2,0,0
spacetime/rev2,keyboards/spacetime/info.json,2,0,0
speedo,keyboards/speedo/info.json,1,0,1
spiderisland/split78,keyboards/spiderisland/split78/info.json,1,0,0
splitish,,1,0,0
splitreus62,keyboards/splitreus62/info.json,1,0,0
squiggle,,4,0,0
standaside,,1,0,0
staryu,keyboards/staryu/info.json,2,1,0
stella,keyboards/stella/info.json,4,1,1
subatomic,keyboards/subatomic/info.json,1,0,0

suihankey/alpha,keyboards/suihankey/alpha/info.json,1,0,0
suihankey/rev1,keyboards/suihankey/rev1/info.json,1,0,0
suihankey/split,keyboards/suihankey/split/info.json,1,0,0
suihankey/split/alpha,keyboards/suihankey/split/info.json,1,0,0
suihankey/split/rev1,keyboards/suihankey/split/info.json,1,0,0
switchplate/southpaw_65,keyboards/switchplate/southpaw_65/info.json,3,0,0
switchplate/southpaw_fullsize,keyboards/switchplate/southpaw_fullsize/info.json,3,0,0
sx60,keyboards/sx60/info.json,2,0,0
tada68,keyboards/tada68/info.json,43,3,1
tanuki,keyboards/tanuki/info.json,2,0,0
telophase,,25,16,4
tenki,keyboards/tenki/info.json,2,0,0
tetris,keyboards/tetris/info.json,1,0,0
tg4x,keyboards/tg4x/info.json,1,0,0
tgr/910,keyboards/tgr/910/info.json,2,0,0
tgr/910ce,keyboards/tgr/910ce/info.json,3,1,0
tgr/alice,keyboards/tgr/alice/info.json,2,0,0
tgr/jane,keyboards/tgr/jane/info.json,5,1,1
tgr/tris,keyboards/tgr/tris/info.json,2,0,0
the_royal/liminal,keyboards/the_royal/liminal/info.json,3,0,0
the_royal/schwann,keyboards/the_royal/schwann/info.json,1,0,0
the_ruler,keyboards/the_ruler/info.json,1,0,0
thedogkeyboard,keyboards/thedogkeyboard/info.json,2,0,0
themadnoodle/ncc1701kb/v2,keyboards/themadnoodle/ncc1701kb/v2/info.json,1,0,0
themadnoodle/noodlepad,keyboards/themadnoodle/noodlepad/info.json,1,0,0
thevankeyboards/bananasplit,keyboards/thevankeyboards/bananasplit/info.json,16,5,2
thevankeyboards/caravan,keyboards/thevankeyboards/caravan/info.json,1,0,0
thevankeyboards/minivan,keyboards/thevankeyboards/minivan/info.json,20,5,3
thevankeyboards/roadkit,keyboards/thevankeyboards/roadkit/info.json,8,2,0
tkc/candybar/lefty,keyboards/tkc/candybar/lefty/info.json,2,0,0
tkc/candybar/righty,keyboards/tkc/candybar/righty/info.json,2,0,0
tkc/godspeed75,keyboards/tkc/godspeed75/info.json,2,0,0
tkc/m0lly,keyboards/tkc/m0lly/info.json,2,0,0
tkc/osav2,keyboards/tkc/osav2/info.json,3,1,0
tkc/tkc1800,keyboards/tkc/tkc1800/info.json,5,0,0
tkw/stoutgat/v1,keyboards/tkw/stoutgat/v1/info.json,3,1,0
tkw/stoutgat/v2,keyboards/tkw/stoutgat/v2/info.json,4,1,0
tkw/stoutgat/v2/f411,keyboards/tkw/stoutgat/v2/info.json,4,1,0
tmo50,keyboards/tmo50/info.json,6,0,0
toad,keyboards/toad/info.json,5,0,0
tokyo60,keyboards/tokyo60/info.json,5,1,1
torn,keyboards/torn/info.json,2,0,0
touchpad,keyboards/touchpad/info.json,1,0,0
tr60w,keyboards/tr60w/info.json,2,0,0
treadstone32,keyboards/treadstone32/info.json,2,2,0
treadstone32/lite,keyboards/treadstone32/info.json,2,2,0
treadstone48,,2,2,0
treadstone48/rev1,keyboards/treadstone48/rev1/info.json,3,3,0
treadstone48/rev2,keyboards/treadstone48/rev2/info.json,2,2,0
treasure/type9,keyboards/treasure/type9/info.json,1,0,0
ua62,keyboards/ua62/info.json,1,0,0
uk78,keyboards/uk78/info.json,2,0,0

underscore33/rev1,keyboards/underscore33/rev1/info.json,2,0,0
underscore33/rev2,keyboards/underscore33/rev2/info.json,2,0,0
unikorn,keyboards/unikorn/info.json,3,0,0
uranuma,keyboards/uranuma/info.json,1,0,0
ut472,keyboards/ut472/info.json,5,1,0
uzu42,keyboards/uzu42/info.json,1,1,0
uzu42/rev1,keyboards/uzu42/info.json,1,1,0
v60_type_r,keyboards/v60_type_r/info.json,10,5,1
vinta,keyboards/vinta/info.json,2,1,0
vision_division,,1,1,0
vitamins_included,keyboards/vitamins_included/info.json,28,15,3
vitamins_included/rev1,keyboards/vitamins_included/info.json,28,15,3
vitamins_included/rev2,keyboards/vitamins_included/info.json,28,15,3
vn66,keyboards/vn66/info.json,1,0,0
waldo,keyboards/waldo/info.json,3,0,0
wallaby,keyboards/wallaby/info.json,4,1,1
walletburner/neuron,keyboards/walletburner/neuron/info.json,2,0,0
westfoxtrot/aanzee,keyboards/westfoxtrot/aanzee/info.json,3,0,0
westfoxtrot/cyclops,keyboards/westfoxtrot/cyclops/info.json,2,0,0
westfoxtrot/cypher/rev1,keyboards/westfoxtrot/cypher/rev1/info.json,3,1,0
westfoxtrot/cypher/rev5,keyboards/westfoxtrot/cypher/rev5/info.json,4,0,0
westfoxtrot/prophet,keyboards/westfoxtrot/prophet/info.json,2,0,0
whale/sk,,1,0,0
whale/sk/v3,keyboards/whale/sk/v3/info.json,1,0,0
wheatfield/blocked65,keyboards/wheatfield/blocked65/info.json,3,1,0
wheatfield/split75,keyboards/wheatfield/split75/info.json,2,1,0
whitefox,keyboards/whitefox/info.json,8,7,5
wilba_tech/rama_works_koyu,keyboards/wilba_tech/rama_works_koyu/info.json,2,0,0
wilba_tech/rama_works_m10_b,keyboards/wilba_tech/rama_works_m10_b/info.json,3,1,1
wilba_tech/rama_works_m10_c,keyboards/wilba_tech/rama_works_m10_c/info.json,2,0,0
wilba_tech/rama_works_m50_a,keyboards/wilba_tech/rama_works_m50_a/info.json,2,0,0
wilba_tech/rama_works_m60_a,keyboards/wilba_tech/rama_works_m60_a/info.json,6,1,1
wilba_tech/rama_works_m65_b,keyboards/wilba_tech/rama_works_m65_b/info.json,2,0,0
wilba_tech/rama_works_m65_bx,keyboards/wilba_tech/rama_works_m65_bx/info.json,2,0,0
wilba_tech/rama_works_m6_a,keyboards/wilba_tech/rama_works_m6_a/info.json,6,2,1
wilba_tech/rama_works_m6_b,keyboards/wilba_tech/rama_works_m6_b/info.json,2,0,0
wilba_tech/rama_works_u80_a,keyboards/wilba_tech/rama_works_u80_a/info.json,2,0,0
wilba_tech/wt60_a,keyboards/wilba_tech/wt60_a/info.json,3,0,0
wilba_tech/wt60_b,keyboards/wilba_tech/wt60_b/info.json,2,0,0
wilba_tech/wt60_bx,keyboards/wilba_tech/wt60_bx/info.json,2,0,0
wilba_tech/wt60_c,keyboards/wilba_tech/wt60_c/info.json,2,0,0
wilba_tech/wt60_d,keyboards/wilba_tech/wt60_d/info.json,3,0,0
wilba_tech/wt60_xt,keyboards/wilba_tech/wt60_xt/info.json,2,0,0
wilba_tech/wt65_a,keyboards/wilba_tech/wt65_a/info.json,2,0,0
wilba_tech/wt65_b,keyboards/wilba_tech/wt65_b/info.json,2,0,0
wilba_tech/wt65_xt,keyboards/wilba_tech/wt65_xt/info.json,2,0,0
wilba_tech/wt65_xtx,keyboards/wilba_tech/wt65_xtx/info.json,2,0,0
wilba_tech/wt69_a,keyboards/wilba_tech/wt69_a/info.json,2,0,0
wilba_tech/wt75_a,keyboards/wilba_tech/wt75_a/info.json,2,0,0
wilba_tech/wt75_b,keyboards/wilba_tech/wt75_b/info.json,3,0,0
wilba_tech/wt75_c,keyboards/wilba_tech/wt75_c/info.json,2,0,0
wilba_tech/wt80_a,keyboards/wilba_tech/wt80_a/info.json,2,0,0
wilba_tech/wt80_bc,keyboards/wilba_tech/wt80_bc/info.json,2,0,0
wilba_tech/wt8_a,keyboards/wilba_tech/wt8_a/info.json,3,0,0
wilba_tech/zeal60,keyboards/wilba_tech/zeal60/info.json,20,9,5
wilba_tech/zeal65,keyboards/wilba_tech/zeal65/info.json,3,0,0
winkeyless/bface,keyboards/winkeyless/bface/info.json,4,1,0
winkeyless/bmini,keyboards/winkeyless/bmini/info.json,2,0,0
winkeyless/bminiex,keyboards/winkeyless/bminiex/info.json,4,0,0
wolfmarkclub/wm1,keyboards/wolfmarkclub/wm1/info.json,1,0,0
wsk/g4m3ralpha,keyboards/wsk/g4m3ralpha/info.json,1,0,0
wsk/gothic50,keyboards/wsk/gothic50/info.json,1,0,0
wsk/gothic70,keyboards/wsk/gothic70/info.json,1,0,0
wsk/houndstooth,keyboards/wsk/houndstooth/info.json,1,0,0
wsk/jerkin,keyboards/wsk/jerkin/info.json,1,0,0
wsk/kodachi50,keyboards/wsk/kodachi50/info.json,1,0,0
wsk/pain27,keyboards/wsk/pain27/info.json,1,0,0
wsk/sl40,keyboards/wsk/sl40/info.json,2,0,0
wsk/tkl30,keyboards/wsk/tkl30/info.json,1,0,0
x16,keyboards/x16/info.json,1,0,0
xbows/knight,keyboards/xbows/knight/info.json,1,0,0
xbows/woody,keyboards/xbows/woody/info.json,1,0,0
xd002,keyboards/xd002/info.json,6,2,0
xd004/v1,keyboards/xd004/info.json,2,0,0
xd60/rev2,keyboards/xd60/info.json,29,20,2
xd60/rev3,keyboards/xd60/info.json,29,20,2
xd68,keyboards/xd68/info.json,5,1,0
xd75,keyboards/xd75/info.json,44,15,0
xd84,keyboards/xd84/info.json,6,2,0
xd87,keyboards/xd87/info.json,7,1,1
xd96,keyboards/xd96/info.json,3,0,0
xelus/dawn60,keyboards/xelus/dawn60/info.json,2,0,0
xelus/snap96,keyboards/xelus/snap96/info.json,2,0,0
xelus/trinityxttkl,,2,0,0
xelus/valor,,2,0,2
xiaomi/mk02,keyboards/xiaomi/mk02/info.json,1,0,0
xmmx,keyboards/xmmx/info.json,5,0,0
xw60,keyboards/xw60/info.json,2,0,0
yatara/drink_me,keyboards/yatara/drink_me/info.json,6,0,0
yd60mq,keyboards/yd60mq/info.json,15,7,3
yd60mq/12led,keyboards/yd60mq/info.json,15,7,3
yd60mq/16led,keyboards/yd60mq/info.json,15,7,3
yd68,keyboards/yd68/info.json,1,0,0
ymd75,keyboards/ymd75/info.json,3,0,0
ymd75/rev1,keyboards/ymd75/info.json,3,0,0
ymd75/rev2,keyboards/ymd75/info.json,3,0,0
ymd96,keyboards/ymd96/info.json,4,1,0
ymdk/bface,keyboards/ymdk/bface/info.json,3,0,0
ymdk/sp64,keyboards/ymdk/sp64/info.json,3,0,0
ymdk/ymd09,keyboards/ymdk/ymd09/info.json,2,0,0
ymdk/ymd67,keyboards/ymdk/ymd67/info.json,1,0,0
ymdk_np21,keyboards/ymdk_np21/info.json,1,0,0
yncognito/batpad,keyboards/yncognito/batpad/info.json,2,0,0
yosino58,keyboards/yosino58/info.json,2,0,0
yosino58/rev1,keyboards/yosino58/info.json,2,0,0
yurei,keyboards/yurei/info.json,4,1,1
yushakobo/quick7,keyboards/yushakobo/quick7/info.json,3,0,0
z150_bh,keyboards/z150_bh/info.json,2,0,0
zfrontier/big_switch,keyboards/zfrontier/big_switch/info.json,2,1,0
zinc,keyboards/zinc/info.json,4,0,0
zinc/rev1,keyboards/zinc/rev1/info.json,4,0,0
zinc/reva,keyboards/zinc/reva/info.json,4,0,0
zj68,keyboards/zj68/info.json,4,1,0
zlant,keyboards/zlant/info.json,26,15,3
ztboards/after,keyboards/ztboards/after/info.json,3,0,0
ztboards/noon,keyboards/ztboards/noon/info.json,2,0,0
zvecr/split_blackpill,keyboards/zvecr/split_blackpill/info.json,25,15,3
zvecr/zv48,keyboards/zvecr/zv48/info.json,25,15,3
zvecr/zv48/f401,keyboards/zvecr/zv48/info.json,25,15,3
zvecr/zv48/f411,keyboards/zvecr/zv48/info.json,25,15,3
